,mIoU,mAP
5.0,0.38952599127068827,0.25996419185788033
