,mIoU,mAP
1.0,0.016065488171585596,0.16853994667458652
3.0,0.17559696235582214,0.2579346487905738
