,alpha,rho,mAP,IoU
0,5.0,0.05,0.5031970127768908,0.384350652607047
1,5.0,0.1,0.26406355952755844,0.2654947440379839
